;Unnamed: 0;isi_tweet;sentimen;step01;tokens;final_tokens;step02
0;0;Kunjungan Kapolri dalam rangka Stadium Generale  Universitas Islam Negeri Walisongo di UIN Walisongo Semarang, Sabtâ€¦ https://t.co/3VsDE8GVOk;0;kunjungan kapolri dalam rangka stadium generale universitas islam negeri walisongo di uin walisongo semarang sabt co3vsde8gvok;['kunjungan', 'kapolri', 'dalam', 'rangka', 'stadium', 'generale', 'universitas', 'islam', 'negeri', 'walisongo', 'di', 'uin', 'walisongo', 'semarang', 'sabt', 'co3vsde8gvok'];['kunjungan', 'kapolri', 'dalam', 'rangka', 'stadium', 'generale', 'universitas', 'islam', 'negeri', 'walisongo', 'di', 'uin', 'walisongo', 'semarang', 'sabt', 'co3vsde8gvok'];kunjungan kapolri dalam rangka stadium generale universitas islam negeri walisongo di uin walisongo semarang sabt co3vsde8gvok
1;1;hal paling malas yang dilakukan saat di semarang adalah nyetrika baju, alias panas banget cok;0;hal paling malas yang dilakukan saat di semarang adalah nyetrika baju alias panas banget cok;['hal', 'paling', 'malas', 'yang', 'dilakukan', 'saat', 'di', 'semarang', 'adalah', 'nyetrika', 'baju', 'alias', 'panas', 'banget', 'cok'];['hal', 'paling', 'malas', 'yang', 'dilakukan', 'saat', 'di', 'semarang', 'adalah', 'nyetrika', 'baju', 'alias', 'panas', 'banget', 'cok'];hal paling malas yang dilakukan saat di semarang adalah nyetrika baju alias panas banget cok
2;2;Kunjungan Kapolri dalam rangka Stadium Generale  Universitas Islam Negeri Walisongo di UIN Walisongo Semarang, Sabtâ€¦ https://t.co/x63VnlA6D4;0;kunjungan kapolri dalam rangka stadium generale universitas islam negeri walisongo di uin walisongo semarang sabt cox63vnla6d4;['kunjungan', 'kapolri', 'dalam', 'rangka', 'stadium', 'generale', 'universitas', 'islam', 'negeri', 'walisongo', 'di', 'uin', 'walisongo', 'semarang', 'sabt', 'cox63vnla6d4'];['kunjungan', 'kapolri', 'dalam', 'rangka', 'stadium', 'generale', 'universitas', 'islam', 'negeri', 'walisongo', 'di', 'uin', 'walisongo', 'semarang', 'sabt', 'cox63vnla6d4'];kunjungan kapolri dalam rangka stadium generale universitas islam negeri walisongo di uin walisongo semarang sabt cox63vnla6d4
3;3;"@rizapasha_ @apdinata1 @gibran_tweet @BankBCA Program cicilan LASIK 0% juga ada di JEC-CANDI @ Semarang ya kak ğŸ˜Š

https://t.co/LbDX0N7w4g";0;user user user user program cicilan lasik percent juga ada di jec candi semarang ya kak colbdx0n7w4g;['user', 'user', 'user', 'user', 'program', 'cicilan', 'lasik', 'percent', 'juga', 'ada', 'di', 'jec', 'candi', 'semarang', 'ya', 'kak', 'colbdx0n7w4g'];['user', 'user', 'user', 'user', 'program', 'cicilan', 'lasik', 'percent', 'juga', 'ada', 'di', 'jec', 'candi', 'semarang', 'ya', 'kak', 'colbdx0n7w4g'];user user user user program cicilan lasik percent juga ada di jec candi semarang ya kak colbdx0n7w4g
4;4;Yang domisili selain Semarang sama Jakarta gausah chat tanya RR karena aku ga ke kota kalian, thanks;1;yang domisili selain semarang sama jakarta gausah chat tanya rr karena aku ga ke kota kalian thanks;['yang', 'domisili', 'selain', 'semarang', 'sama', 'jakarta', 'gausah', 'chat', 'tanya', 'rr', 'karena', 'aku', 'ga', 'ke', 'kota', 'kalian', 'thanks'];['yang', 'domisili', 'selain', 'semarang', 'sama', 'jakarta', 'gausah', 'chat', 'tanya', 'rr', 'karena', 'aku', 'ga', 'ke', 'kota', 'kalian', 'thanks'];yang domisili selain semarang sama jakarta gausah chat tanya rr karena aku ga ke kota kalian thanks
5;5;"ğğ«ğğ¥ğ¨ğ¯ğğ ğŒğšğ¤ğ ğ¨ğ¯ğğ« ğ¬ğ¢ğ¥ğ¤ğ² ğ¬ğ¦ğ¨ğ¨ğ­ğ¡ ğ­ğ«ğšğ§ğ¬ğ¥ğ®ğœğğ§ğ­ ğ©ğ¨ğ°ğğğ« ğ¬ğ¡ğšğğ ğŸğŸ‘ ğœğ¡ğšğ¦ğ©ğšğ ğ§ğ

~ dijual karena shadenya terlalu gelap
~ barâ€¦ https://t.co/1V0mnghlfr";0;number dijual karena shadenya terlalu gelap bar co1v0mnghlfr;['number', 'dijual', 'karena', 'shadenya', 'terlalu', 'gelap', 'bar', 'co1v0mnghlfr'];['number', 'dijual', 'karena', 'shadenya', 'terlalu', 'gelap', 'bar', 'co1v0mnghlfr'];number dijual karena shadenya terlalu gelap bar co1v0mnghlfr
6;6;@kopidansenjaa Sama sama... salam kenal dr Semarang;0;user sama sama salam kenal dr semarang;['user', 'sama', 'sama', 'salam', 'kenal', 'dr', 'semarang'];['user', 'sama', 'sama', 'salam', 'kenal', 'dr', 'semarang'];user sama sama salam kenal dr semarang
7;7;Pengadaan Bibit Tanaman Ruang Terbuka Hijau (RTH) Kabupaten Kudus, Demak, dan Kota Semarang... (30/Oct) , trend -â€¦ https://t.co/ZuPojpAYRJ;0;pengadaan bibit tanaman ruang terbuka hijau rth kabupaten kudus demak dan kota semarang number oct trend cozupojpayrj;['pengadaan', 'bibit', 'tanaman', 'ruang', 'terbuka', 'hijau', 'rth', 'kabupaten', 'kudus', 'demak', 'dan', 'kota', 'semarang', 'number', 'oct', 'trend', 'cozupojpayrj'];['pengadaan', 'bibit', 'tanaman', 'ruang', 'terbuka', 'hijau', 'rth', 'kabupaten', 'kudus', 'demak', 'dan', 'kota', 'semarang', 'number', 'oct', 'trend', 'cozupojpayrj'];pengadaan bibit tanaman ruang terbuka hijau rth kabupaten kudus demak dan kota semarang number oct trend cozupojpayrj
8;8;yeah bbrp jam lgi gue akan bertemu dgn pnasnya semarangğŸ˜µâ€ğŸ’« https://t.co/XITKuske0p;0;yeah bbrp jam lgi gue akan bertemu dgn pnasnya semarang coxitkuske0p;['yeah', 'bbrp', 'jam', 'lgi', 'gue', 'akan', 'bertemu', 'dgn', 'pnasnya', 'semarang', 'coxitkuske0p'];['yeah', 'bbrp', 'jam', 'lgi', 'gue', 'akan', 'bertemu', 'dgn', 'pnasnya', 'semarang', 'coxitkuske0p'];yeah bbrp jam lgi gue akan bertemu dgn pnasnya semarang coxitkuske0p
9;9;"RT @grienthi: inspirasi blouse wanita

â€“ a thread

blouse ootd cakep hasil tes otak kanan kiri telkomsel lahiran saat malam minggu halloweeâ€¦";0;rt user inspirasi blouse wanita thread blouse ootd cakep hasil tes otak kanan kiri telkomsel lahiran saat malam minggu hallowee;['rt', 'user', 'inspirasi', 'blouse', 'wanita', 'thread', 'blouse', 'ootd', 'cakep', 'hasil', 'tes', 'otak', 'kanan', 'kiri', 'telkomsel', 'lahiran', 'saat', 'malam', 'minggu', 'hallowee'];['rt', 'user', 'inspirasi', 'blouse', 'wanita', 'thread', 'blouse', 'ootd', 'cakep', 'hasil', 'tes', 'otak', 'kanan', 'kiri', 'telkomsel', 'lahiran', 'saat', 'malam', 'minggu', 'hallowee'];rt user inspirasi blouse wanita thread blouse ootd cakep hasil tes otak kanan kiri telkomsel lahiran saat malam minggu hallowee
10;10;@ultramilk200ml awkwkwk. jualannya depan gereja tapi ini gatau soto mana, keknya masih soto semarang;0;user awkwkwk jualannya depan gereja tapi ini gatau soto mana keknya masih soto semarang;['user', 'awkwkwk', 'jualannya', 'depan', 'gereja', 'tapi', 'ini', 'gatau', 'soto', 'mana', 'keknya', 'masih', 'soto', 'semarang'];['user', 'awkwkwk', 'jualannya', 'depan', 'gereja', 'tapi', 'ini', 'gatau', 'soto', 'mana', 'keknya', 'masih', 'soto', 'semarang'];user awkwkwk jualannya depan gereja tapi ini gatau soto mana keknya masih soto semarang
11;11;Menteri BUMN @erixkh_ memberikan kuliah umum dengan tema â€œPeran BUMN Dalam Menghadapi Tantangan Ekonomi Baru Dan Reâ€¦ https://t.co/vPz733F96G;0;menteri bumn user memberikan kuliah umum dengan tema peran bumn dalam menghadapi tantangan ekonomi baru dan re covpz733f96g;['menteri', 'bumn', 'user', 'memberikan', 'kuliah', 'umum', 'dengan', 'tema', 'peran', 'bumn', 'dalam', 'menghadapi', 'tantangan', 'ekonomi', 'baru', 'dan', 're', 'covpz733f96g'];['menteri', 'bumn', 'user', 'memberikan', 'kuliah', 'umum', 'dengan', 'tema', 'peran', 'bumn', 'dalam', 'menghadapi', 'tantangan', 'ekonomi', 'baru', 'dan', 're', 'covpz733f96g'];menteri bumn user memberikan kuliah umum dengan tema peran bumn dalam menghadapi tantangan ekonomi baru dan re covpz733f96g
12;12;"RT @SydneyX5w: Kuliah Umum di Kampus Universitas Negeri Semarang (UNES) Bersama Menteri BUMN @erickthohir ğŸ‘ğŸ‘ğŸ‘

#BangkitBersamaET https://t.â€¦";0;rt user kuliah umum di kampus universitas negeri semarang unes bersama menteri bumn user hashtag bangkit bersama et hashtag https;['rt', 'user', 'kuliah', 'umum', 'di', 'kampus', 'universitas', 'negeri', 'semarang', 'unes', 'bersama', 'menteri', 'bumn', 'user', 'hashtag', 'bangkit', 'bersama', 'et', 'hashtag', 'https'];['rt', 'user', 'kuliah', 'umum', 'di', 'kampus', 'universitas', 'negeri', 'semarang', 'unes', 'bersama', 'menteri', 'bumn', 'user', 'hashtag', 'bangkit', 'bersama', 'et', 'hashtag', 'https'];rt user kuliah umum di kampus universitas negeri semarang unes bersama menteri bumn user hashtag bangkit bersama et hashtag https
13;13;RT @kochengfs: ğŸˆ haiii aku open adopt kittens nih, peranakan persia-domestik . ada 4 (2cewe, 2 cowo), boleh adopt salah satu/semuanya, tapiâ€¦;0;rt user haiii aku open adopt kittens nih peranakan persia domestik ada number 2 cewe number cowo boleh adopt salah satu semuanya tapi;['rt', 'user', 'haiii', 'aku', 'open', 'adopt', 'kittens', 'nih', 'peranakan', 'persia', 'domestik', 'ada', 'number', '2', 'cewe', 'number', 'cowo', 'boleh', 'adopt', 'salah', 'satu', 'semuanya', 'tapi'];['rt', 'user', 'haiii', 'aku', 'open', 'adopt', 'kittens', 'nih', 'peranakan', 'persia', 'domestik', 'ada', 'number', '2', 'cewe', 'number', 'cowo', 'boleh', 'adopt', 'salah', 'satu', 'semuanya', 'tapi'];rt user haiii aku open adopt kittens nih peranakan persia domestik ada number 2 cewe number cowo boleh adopt salah satu semuanya tapi
14;14;RT @Retnowonosari: Moment Menteri BUMN @erickthohir  memberikan Kuliah Umum yang bertema â€œPeran BUMN Dalam Menghadapi Tantangan Ekonomi Barâ€¦;0;rt user moment menteri bumn user memberikan kuliah umum yang bertema peran bumn dalam menghadapi tantangan ekonomi bar;['rt', 'user', 'moment', 'menteri', 'bumn', 'user', 'memberikan', 'kuliah', 'umum', 'yang', 'bertema', 'peran', 'bumn', 'dalam', 'menghadapi', 'tantangan', 'ekonomi', 'bar'];['rt', 'user', 'moment', 'menteri', 'bumn', 'user', 'memberikan', 'kuliah', 'umum', 'yang', 'bertema', 'peran', 'bumn', 'dalam', 'menghadapi', 'tantangan', 'ekonomi', 'bar'];rt user moment menteri bumn user memberikan kuliah umum yang bertema peran bumn dalam menghadapi tantangan ekonomi bar
15;15;"RT @elilalofyuu: Rekomendasi handbag, slingbag &amp; shoulderbag

Ë—ËË‹ a thread

Lahiran Hasil Tes Otak Telkomsel Wahabi Danamon smtown Halloweeâ€¦";0;rt user rekomendasi handbag slingbag shoulderbag thread lahiran hasil tes otak telkomsel wahabi danamon smtown hallowee;['rt', 'user', 'rekomendasi', 'handbag', 'slingbag', 'shoulderbag', 'thread', 'lahiran', 'hasil', 'tes', 'otak', 'telkomsel', 'wahabi', 'danamon', 'smtown', 'hallowee'];['rt', 'user', 'rekomendasi', 'handbag', 'slingbag', 'shoulderbag', 'thread', 'lahiran', 'hasil', 'tes', 'otak', 'telkomsel', 'wahabi', 'danamon', 'smtown', 'hallowee'];rt user rekomendasi handbag slingbag shoulderbag thread lahiran hasil tes otak telkomsel wahabi danamon smtown hallowee
16;16;49.KAKANWIL KEMENKUMHAM JATENG A YUSPAHRUDDIN:  Imigrasi Semarang Komitmen Cegah Dugaan Tindak Pidana Perdagangan Oâ€¦ https://t.co/xRj9WtieIO;0;number kakanwil kemenkumham jateng yuspahruddin imigrasi semarang komitmen cegah dugaan tindak pidana perdagangan coxrj9wtieio;['number', 'kakanwil', 'kemenkumham', 'jateng', 'yuspahruddin', 'imigrasi', 'semarang', 'komitmen', 'cegah', 'dugaan', 'tindak', 'pidana', 'perdagangan', 'coxrj9wtieio'];['number', 'kakanwil', 'kemenkumham', 'jateng', 'yuspahruddin', 'imigrasi', 'semarang', 'komitmen', 'cegah', 'dugaan', 'tindak', 'pidana', 'perdagangan', 'coxrj9wtieio'];number kakanwil kemenkumham jateng yuspahruddin imigrasi semarang komitmen cegah dugaan tindak pidana perdagangan coxrj9wtieio
17;17;Suasana Terkini Rumah Duka Novita Korban Penembakan Texas di Semarang https://t.co/ovSDyKVcsJ;0;suasana terkini rumah duka novita korban penembakan texas di semarang coovsdykvcsj;['suasana', 'terkini', 'rumah', 'duka', 'novita', 'korban', 'penembakan', 'texas', 'di', 'semarang', 'coovsdykvcsj'];['suasana', 'terkini', 'rumah', 'duka', 'novita', 'korban', 'penembakan', 'texas', 'di', 'semarang', 'coovsdykvcsj'];suasana terkini rumah duka novita korban penembakan texas di semarang coovsdykvcsj
18;18;RT @bwinsandi3: Menteri BUMN @erickthohir temui warga nelayan di Tambak Loro, Semarang, Jawa Tengah, Sabtu (29/10/2022).  Erick kembali bicâ€¦;0;rt user menteri bumn user temui warga nelayan di tambak loro semarang jawa tengah sabtu date erick kembali bic;['rt', 'user', 'menteri', 'bumn', 'user', 'temui', 'warga', 'nelayan', 'di', 'tambak', 'loro', 'semarang', 'jawa', 'tengah', 'sabtu', 'date', 'erick', 'kembali', 'bic'];['rt', 'user', 'menteri', 'bumn', 'user', 'temui', 'warga', 'nelayan', 'di', 'tambak', 'loro', 'semarang', 'jawa', 'tengah', 'sabtu', 'date', 'erick', 'kembali', 'bic'];rt user menteri bumn user temui warga nelayan di tambak loro semarang jawa tengah sabtu date erick kembali bic
19;19;Jenazah Novita Kurnia Putri, korban salah tembak di San Antonio, Texas, AS, dimakamkan di TPU Sasonoloyo Bumi Rejo,â€¦ https://t.co/bLUdFZrrFD;0;jenazah novita kurnia putri korban salah tembak di san antonio texas as dimakamkan di tpu sasonoloyo bumi rejo cobludfzrrfd;['jenazah', 'novita', 'kurnia', 'putri', 'korban', 'salah', 'tembak', 'di', 'san', 'antonio', 'texas', 'as', 'dimakamkan', 'di', 'tpu', 'sasonoloyo', 'bumi', 'rejo', 'cobludfzrrfd'];['jenazah', 'novita', 'kurnia', 'putri', 'korban', 'salah', 'tembak', 'di', 'san', 'antonio', 'texas', 'as', 'dimakamkan', 'di', 'tpu', 'sasonoloyo', 'bumi', 'rejo', 'cobludfzrrfd'];jenazah novita kurnia putri korban salah tembak di san antonio texas as dimakamkan di tpu sasonoloyo bumi rejo cobludfzrrfd
20;20;RT @polsekgayamsar1: Kunjungan Kapolri dalam rangka Stadium Generale  Universitas Islam Negeri Walisongo di UIN Walisongo Semarang, Sabtu (â€¦;0;rt user kunjungan kapolri dalam rangka stadium generale universitas islam negeri walisongo di uin walisongo semarang sabtu;['rt', 'user', 'kunjungan', 'kapolri', 'dalam', 'rangka', 'stadium', 'generale', 'universitas', 'islam', 'negeri', 'walisongo', 'di', 'uin', 'walisongo', 'semarang', 'sabtu'];['rt', 'user', 'kunjungan', 'kapolri', 'dalam', 'rangka', 'stadium', 'generale', 'universitas', 'islam', 'negeri', 'walisongo', 'di', 'uin', 'walisongo', 'semarang', 'sabtu'];rt user kunjungan kapolri dalam rangka stadium generale universitas islam negeri walisongo di uin walisongo semarang sabtu
21;21;info lomba fifa semarang;0;info lomba fifa semarang;['info', 'lomba', 'fifa', 'semarang'];['info', 'lomba', 'fifa', 'semarang'];info lomba fifa semarang
22;22;RT @budibongg: Tahu bakso Bu Pudjiã€semarang https://t.co/WaiCe9HHxt;0;rt user tahu bakso bu pudji semarang cowaice9hhxt;['rt', 'user', 'tahu', 'bakso', 'bu', 'pudji', 'semarang', 'cowaice9hhxt'];['rt', 'user', 'tahu', 'bakso', 'bu', 'pudji', 'semarang', 'cowaice9hhxt'];rt user tahu bakso bu pudji semarang cowaice9hhxt
23;23;Distributor Resmi Herbal Kolesterol di Semarang, WA: 083842437980 (Suci)- LINE: ieq1101b #HerbalKolesterolSemarang #Semarang;0;distributor resmi herbal kolesterol di semarang wa number suci line ieq1101b hashtag herbal kolesterol semarang hashtag hashtag semarang hashtag;['distributor', 'resmi', 'herbal', 'kolesterol', 'di', 'semarang', 'wa', 'number', 'suci', 'line', 'ieq1101b', 'hashtag', 'herbal', 'kolesterol', 'semarang', 'hashtag', 'hashtag', 'semarang', 'hashtag'];['distributor', 'resmi', 'herbal', 'kolesterol', 'di', 'semarang', 'wa', 'number', 'suci', 'line', 'ieq1101b', 'hashtag', 'herbal', 'kolesterol', 'semarang', 'hashtag', 'hashtag', 'semarang', 'hashtag'];distributor resmi herbal kolesterol di semarang wa number suci line ieq1101b hashtag herbal kolesterol semarang hashtag hashtag semarang hashtag
24;24;RT @budibongg: Tahu bakso Bu Pudjiã€semarang https://t.co/WaiCe9HHxt;0;rt user tahu bakso bu pudji semarang cowaice9hhxt;['rt', 'user', 'tahu', 'bakso', 'bu', 'pudji', 'semarang', 'cowaice9hhxt'];['rt', 'user', 'tahu', 'bakso', 'bu', 'pudji', 'semarang', 'cowaice9hhxt'];rt user tahu bakso bu pudji semarang cowaice9hhxt
25;25;@budibongg Uncle lg di semarang;0;user uncle lg di semarang;['user', 'uncle', 'lg', 'di', 'semarang'];['user', 'uncle', 'lg', 'di', 'semarang'];user uncle lg di semarang
26;26;RT @budibongg: Tahu bakso Bu Pudjiã€semarang https://t.co/WaiCe9HHxt;0;rt user tahu bakso bu pudji semarang cowaice9hhxt;['rt', 'user', 'tahu', 'bakso', 'bu', 'pudji', 'semarang', 'cowaice9hhxt'];['rt', 'user', 'tahu', 'bakso', 'bu', 'pudji', 'semarang', 'cowaice9hhxt'];rt user tahu bakso bu pudji semarang cowaice9hhxt
27;27;Kasih rekomendasi makanan Semarang dong wajib dicoba (lima aja ya hehehe);0;kasih rekomendasi makanan semarang dong wajib dicoba lima aja ya hehehe;['kasih', 'rekomendasi', 'makanan', 'semarang', 'dong', 'wajib', 'dicoba', 'lima', 'aja', 'ya', 'hehehe'];['kasih', 'rekomendasi', 'makanan', 'semarang', 'dong', 'wajib', 'dicoba', 'lima', 'aja', 'ya', 'hehehe'];kasih rekomendasi makanan semarang dong wajib dicoba lima aja ya hehehe
28;28;@alexei_andreas Ajsjsjdjfj kira2 dilan ngapain ya sampe mas minke Semarang itu???;0;user ajsjsjdjfj kira2 dilan ngapain ya sampe mas minke semarang itu;['user', 'ajsjsjdjfj', 'kira2', 'dilan', 'ngapain', 'ya', 'sampe', 'mas', 'minke', 'semarang', 'itu'];['user', 'ajsjsjdjfj', 'kira2', 'dilan', 'ngapain', 'ya', 'sampe', 'mas', 'minke', 'semarang', 'itu'];user ajsjsjdjfj kira2 dilan ngapain ya sampe mas minke semarang itu
29;29;Tahu bakso Bu Pudjiã€semarang https://t.co/WaiCe9HHxt;0;tahu bakso bu pudji semarang cowaice9hhxt;['tahu', 'bakso', 'bu', 'pudji', 'semarang', 'cowaice9hhxt'];['tahu', 'bakso', 'bu', 'pudji', 'semarang', 'cowaice9hhxt'];tahu bakso bu pudji semarang cowaice9hhxt
30;30;"Kapolri Hadiri Undangan Orasi Kebangsaan Sumpah Pemuda

Kapolri Jenderal Polisi Drs. Listyo Sigit Prabowo,â€¦ https://t.co/GRMJYcZZgt";0;kapolri hadiri undangan orasi kebangsaan sumpah pemuda kapolri jenderal polisi drs listyo sigit prabowo cogrmjyczzgt;['kapolri', 'hadiri', 'undangan', 'orasi', 'kebangsaan', 'sumpah', 'pemuda', 'kapolri', 'jenderal', 'polisi', 'drs', 'listyo', 'sigit', 'prabowo', 'cogrmjyczzgt'];['kapolri', 'hadiri', 'undangan', 'orasi', 'kebangsaan', 'sumpah', 'pemuda', 'kapolri', 'jenderal', 'polisi', 'drs', 'listyo', 'sigit', 'prabowo', 'cogrmjyczzgt'];kapolri hadiri undangan orasi kebangsaan sumpah pemuda kapolri jenderal polisi drs listyo sigit prabowo cogrmjyczzgt
31;31;RT @NCTDreamINA: /dreamies Halo semua, aku mau ajak nctzen semarang buat nonton bareng NCT DREAM THE MOVIE kalau udah rilis di Indonesia akâ€¦;0;rt user dreamies halo semua aku mau ajak nctzen semarang buat nonton bareng nct dream the movie kalau udah rilis di indonesia ak;['rt', 'user', 'dreamies', 'halo', 'semua', 'aku', 'mau', 'ajak', 'nctzen', 'semarang', 'buat', 'nonton', 'bareng', 'nct', 'dream', 'the', 'movie', 'kalau', 'udah', 'rilis', 'di', 'indonesia', 'ak'];['rt', 'user', 'dreamies', 'halo', 'semua', 'aku', 'mau', 'ajak', 'nctzen', 'semarang', 'buat', 'nonton', 'bareng', 'nct', 'dream', 'the', 'movie', 'kalau', 'udah', 'rilis', 'di', 'indonesia', 'ak'];rt user dreamies halo semua aku mau ajak nctzen semarang buat nonton bareng nct dream the movie kalau udah rilis di indonesia ak
32;32;"Oke tambah 1 lagi dari org yg pen aku gebukkk

ğŸ‘¦ makmur nu ra neng semarang, pipimu tambah gede

ğŸ˜­ğŸ˜­ğŸ˜­ halal untuk ditabokkk";0;oke tambah number lagi dari org yg pen aku gebukkk makmur nu ra neng semarang pipimu tambah gede halal untuk ditabokkk;['oke', 'tambah', 'number', 'lagi', 'dari', 'org', 'yg', 'pen', 'aku', 'gebukkk', 'makmur', 'nu', 'ra', 'neng', 'semarang', 'pipimu', 'tambah', 'gede', 'halal', 'untuk', 'ditabokkk'];['oke', 'tambah', 'number', 'lagi', 'dari', 'org', 'yg', 'pen', 'aku', 'gebukkk', 'makmur', 'nu', 'ra', 'neng', 'semarang', 'pipimu', 'tambah', 'gede', 'halal', 'untuk', 'ditabokkk'];oke tambah number lagi dari org yg pen aku gebukkk makmur nu ra neng semarang pipimu tambah gede halal untuk ditabokkk
33;33;"RT @browklynbaby_: flow overall / jumpsuit / baju kodok wanita ğŸ˜ğŸ˜
ğŸ–‡ï¸ https://t.co/XfpLq3gYBE

#racunshopee #BLACKPINK_WORLDTOUR #1YearUniqlâ€¦";0;rt user flow overall jumpsuit baju kodok wanita coxfplq3gybe hashtag racun shopee hashtag hashtag blackpink worldtour hashtag hashtag 1 year uniql hashtag;['rt', 'user', 'flow', 'overall', 'jumpsuit', 'baju', 'kodok', 'wanita', 'coxfplq3gybe', 'hashtag', 'racun', 'shopee', 'hashtag', 'hashtag', 'blackpink', 'worldtour', 'hashtag', 'hashtag', '1', 'year', 'uniql', 'hashtag'];['rt', 'user', 'flow', 'overall', 'jumpsuit', 'baju', 'kodok', 'wanita', 'coxfplq3gybe', 'hashtag', 'racun', 'shopee', 'hashtag', 'hashtag', 'blackpink', 'worldtour', 'hashtag', 'hashtag', '1', 'year', 'uniql', 'hashtag'];rt user flow overall jumpsuit baju kodok wanita coxfplq3gybe hashtag racun shopee hashtag hashtag blackpink worldtour hashtag hashtag 1 year uniql hashtag
34;34;@geraihybe Bookmark Taehyung DVD Sys final 45k dom Semarang nder;0;user bookmark taehyung dvd sys final 4 5 dom semarang nder;['user', 'bookmark', 'taehyung', 'dvd', 'sys', 'final', '4', '5', 'dom', 'semarang', 'nder'];['user', 'bookmark', 'taehyung', 'dvd', 'sys', 'final', '4', '5', 'dom', 'semarang', 'nder'];user bookmark taehyung dvd sys final 4 5 dom semarang nder
35;35;"@jajanbhlabels Br most one PC Jimin 700k
Br memo 20 PC Jimin 1,7jt
Inc packing
Bisa nego tipis
Dom Semarang nder https://t.co/veKxLKyB0V";1;user br most one pc jimin 7 0 0 br memo number pc jimin number 7 jt inc packing bisa nego tipis dom semarang nder covekxlkyb0v;['user', 'br', 'most', 'one', 'pc', 'jimin', '7', '0', '0', 'br', 'memo', 'number', 'pc', 'jimin', 'number', '7', 'jt', 'inc', 'packing', 'bisa', 'nego', 'tipis', 'dom', 'semarang', 'nder', 'covekxlkyb0v'];['user', 'br', 'most', 'one', 'pc', 'jimin', '7', '0', '0', 'br', 'memo', 'number', 'pc', 'jimin', 'number', '7', 'jt', 'inc', 'packing', 'bisa', 'nego', 'tipis', 'dom', 'semarang', 'nder', 'covekxlkyb0v'];user br most one pc jimin 7 0 0 br memo number pc jimin number 7 jt inc packing bisa nego tipis dom semarang nder covekxlkyb0v
36;36;"RT @heryawan_g: Bapak Menteri BUMN Erick Thohir Menjadi Keynote Speaker pada
Kuliah Umum di Kampus Universitas Negeri Semarang (UNNES).
@erâ€¦";0;rt user bapak menteri bumn erick thohir menjadi keynote speaker pada kuliah umum di kampus universitas negeri semarang unnes user;['rt', 'user', 'bapak', 'menteri', 'bumn', 'erick', 'thohir', 'menjadi', 'keynote', 'speaker', 'pada', 'kuliah', 'umum', 'di', 'kampus', 'universitas', 'negeri', 'semarang', 'unnes', 'user'];['rt', 'user', 'bapak', 'menteri', 'bumn', 'erick', 'thohir', 'menjadi', 'keynote', 'speaker', 'pada', 'kuliah', 'umum', 'di', 'kampus', 'universitas', 'negeri', 'semarang', 'unnes', 'user'];rt user bapak menteri bumn erick thohir menjadi keynote speaker pada kuliah umum di kampus universitas negeri semarang unnes user
37;37;"RT @DM_N4BYL: Mas mentri BUMN Erick Thohir memberikan Kuliah Umum dengan Tajuk :

â€œPeran BUMN Dalam Menghadapi Tantangan Ekonomi Baru Dan Râ€¦";0;rt user mas mentri bumn erick thohir memberikan kuliah umum dengan tajuk peran bumn dalam menghadapi tantangan ekonomi baru dan;['rt', 'user', 'mas', 'mentri', 'bumn', 'erick', 'thohir', 'memberikan', 'kuliah', 'umum', 'dengan', 'tajuk', 'peran', 'bumn', 'dalam', 'menghadapi', 'tantangan', 'ekonomi', 'baru', 'dan'];['rt', 'user', 'mas', 'mentri', 'bumn', 'erick', 'thohir', 'memberikan', 'kuliah', 'umum', 'dengan', 'tajuk', 'peran', 'bumn', 'dalam', 'menghadapi', 'tantangan', 'ekonomi', 'baru', 'dan'];rt user mas mentri bumn erick thohir memberikan kuliah umum dengan tajuk peran bumn dalam menghadapi tantangan ekonomi baru dan
38;38;28.KAKANWIL KEMENKUMHAM JATENG A YUSPAHRUDDIN:  Kontrol Bengkel Kerja, Kalapas Ambarawa, Agus Heryanto Semangati WBâ€¦ https://t.co/N2GHKMblQc;0;number kakanwil kemenkumham jateng yuspahruddin kontrol bengkel kerja kalapas ambarawa agus heryanto semangati wb con2ghkmblqc;['number', 'kakanwil', 'kemenkumham', 'jateng', 'yuspahruddin', 'kontrol', 'bengkel', 'kerja', 'kalapas', 'ambarawa', 'agus', 'heryanto', 'semangati', 'wb', 'con2ghkmblqc'];['number', 'kakanwil', 'kemenkumham', 'jateng', 'yuspahruddin', 'kontrol', 'bengkel', 'kerja', 'kalapas', 'ambarawa', 'agus', 'heryanto', 'semangati', 'wb', 'con2ghkmblqc'];number kakanwil kemenkumham jateng yuspahruddin kontrol bengkel kerja kalapas ambarawa agus heryanto semangati wb con2ghkmblqc
39;39;"Nyokap : ngapain td tiba2 nyuruh ke semarang.
Gua : ya kan gua sakit, urusin lah wkwk
Nyokap : dih uda 25 woi andaaâ€¦ https://t.co/HXQzK5eqJR";0;nyokap ngapain td tiba2 nyuruh ke semarang gua ya kan gua sakit urusin lah wkwk nyokap dih uda number woi andaa cohxqzk5eqjr;['nyokap', 'ngapain', 'td', 'tiba2', 'nyuruh', 'ke', 'semarang', 'gua', 'ya', 'kan', 'gua', 'sakit', 'urusin', 'lah', 'wkwk', 'nyokap', 'dih', 'uda', 'number', 'woi', 'andaa', 'cohxqzk5eqjr'];['nyokap', 'ngapain', 'td', 'tiba2', 'nyuruh', 'ke', 'semarang', 'gua', 'ya', 'kan', 'gua', 'sakit', 'urusin', 'lah', 'wkwk', 'nyokap', 'dih', 'uda', 'number', 'woi', 'andaa', 'cohxqzk5eqjr'];nyokap ngapain td tiba2 nyuruh ke semarang gua ya kan gua sakit urusin lah wkwk nyokap dih uda number woi andaa cohxqzk5eqjr
40;40;Buat pecinta buku di semarang wajib banget dateng ke RPP Gedung Sumbing, @bbwbooks_id lagi ngadain event bazar bukuâ€¦ https://t.co/FQxcM0n9YQ;0;buat pecinta buku di semarang wajib banget dateng ke rpp gedung sumbing user lagi ngadain event bazar buku cofqxcm0n9yq;['buat', 'pecinta', 'buku', 'di', 'semarang', 'wajib', 'banget', 'dateng', 'ke', 'rpp', 'gedung', 'sumbing', 'user', 'lagi', 'ngadain', 'event', 'bazar', 'buku', 'cofqxcm0n9yq'];['buat', 'pecinta', 'buku', 'di', 'semarang', 'wajib', 'banget', 'dateng', 'ke', 'rpp', 'gedung', 'sumbing', 'user', 'lagi', 'ngadain', 'event', 'bazar', 'buku', 'cofqxcm0n9yq'];buat pecinta buku di semarang wajib banget dateng ke rpp gedung sumbing user lagi ngadain event bazar buku cofqxcm0n9yq
41;41;@unnesmenfess True cuy, awal2 ke semarang diserbu ama playlist2 satru dkk;1;user true cuy awal2 ke semarang diserbu ama playlist2 satru dkk;['user', 'true', 'cuy', 'awal2', 'ke', 'semarang', 'diserbu', 'ama', 'playlist2', 'satru', 'dkk'];['user', 'true', 'cuy', 'awal2', 'ke', 'semarang', 'diserbu', 'ama', 'playlist2', 'satru', 'dkk'];user true cuy awal2 ke semarang diserbu ama playlist2 satru dkk
42;42;MW KE BBW SEMARANG AJGGGğŸ˜­ğŸ˜­ğŸ˜­ğŸ˜­knp kudu akhir bulan hikss;0;mw ke bbw semarang ajggg knp kudu akhir bulan hikss;['mw', 'ke', 'bbw', 'semarang', 'ajggg', 'knp', 'kudu', 'akhir', 'bulan', 'hikss'];['mw', 'ke', 'bbw', 'semarang', 'ajggg', 'knp', 'kudu', 'akhir', 'bulan', 'hikss'];mw ke bbw semarang ajggg knp kudu akhir bulan hikss
43;43;27.KAKANWIL KEMENKUMHAM JATENG A YUSPAHRUDDIN:  Kontrol Bengkel Kerja, Kalapas Ambarawa, Agus Heryanto Semangati WBâ€¦ https://t.co/wBWvqJlLhS;0;number kakanwil kemenkumham jateng yuspahruddin kontrol bengkel kerja kalapas ambarawa agus heryanto semangati wb cowbwvqjllhs;['number', 'kakanwil', 'kemenkumham', 'jateng', 'yuspahruddin', 'kontrol', 'bengkel', 'kerja', 'kalapas', 'ambarawa', 'agus', 'heryanto', 'semangati', 'wb', 'cowbwvqjllhs'];['number', 'kakanwil', 'kemenkumham', 'jateng', 'yuspahruddin', 'kontrol', 'bengkel', 'kerja', 'kalapas', 'ambarawa', 'agus', 'heryanto', 'semangati', 'wb', 'cowbwvqjllhs'];number kakanwil kemenkumham jateng yuspahruddin kontrol bengkel kerja kalapas ambarawa agus heryanto semangati wb cowbwvqjllhs
44;44;26.KAKANWIL KEMENKUMHAM JATENG A YUSPAHRUDDIN:  Kontrol Bengkel Kerja, Kalapas Ambarawa, Agus Heryanto Semangati WBâ€¦ https://t.co/l1h27enjfI;0;number kakanwil kemenkumham jateng yuspahruddin kontrol bengkel kerja kalapas ambarawa agus heryanto semangati wb col1h27enjfi;['number', 'kakanwil', 'kemenkumham', 'jateng', 'yuspahruddin', 'kontrol', 'bengkel', 'kerja', 'kalapas', 'ambarawa', 'agus', 'heryanto', 'semangati', 'wb', 'col1h27enjfi'];['number', 'kakanwil', 'kemenkumham', 'jateng', 'yuspahruddin', 'kontrol', 'bengkel', 'kerja', 'kalapas', 'ambarawa', 'agus', 'heryanto', 'semangati', 'wb', 'col1h27enjfi'];number kakanwil kemenkumham jateng yuspahruddin kontrol bengkel kerja kalapas ambarawa agus heryanto semangati wb col1h27enjfi
45;45;25.KAKANWIL KEMENKUMHAM JATENG A YUSPAHRUDDIN:  Kontrol Bengkel Kerja, Kalapas Ambarawa, Agus Heryanto Semangati WBâ€¦ https://t.co/ZKYJmPKUnr;0;number kakanwil kemenkumham jateng yuspahruddin kontrol bengkel kerja kalapas ambarawa agus heryanto semangati wb cozkyjmpkunr;['number', 'kakanwil', 'kemenkumham', 'jateng', 'yuspahruddin', 'kontrol', 'bengkel', 'kerja', 'kalapas', 'ambarawa', 'agus', 'heryanto', 'semangati', 'wb', 'cozkyjmpkunr'];['number', 'kakanwil', 'kemenkumham', 'jateng', 'yuspahruddin', 'kontrol', 'bengkel', 'kerja', 'kalapas', 'ambarawa', 'agus', 'heryanto', 'semangati', 'wb', 'cozkyjmpkunr'];number kakanwil kemenkumham jateng yuspahruddin kontrol bengkel kerja kalapas ambarawa agus heryanto semangati wb cozkyjmpkunr
46;46;24.KAKANWIL KEMENKUMHAM JATENG A YUSPAHRUDDIN:  Kontrol Bengkel Kerja, Kalapas Ambarawa, Agus Heryanto Semangati WBâ€¦ https://t.co/TX26diV3Qp;0;number kakanwil kemenkumham jateng yuspahruddin kontrol bengkel kerja kalapas ambarawa agus heryanto semangati wb cotx26div3qp;['number', 'kakanwil', 'kemenkumham', 'jateng', 'yuspahruddin', 'kontrol', 'bengkel', 'kerja', 'kalapas', 'ambarawa', 'agus', 'heryanto', 'semangati', 'wb', 'cotx26div3qp'];['number', 'kakanwil', 'kemenkumham', 'jateng', 'yuspahruddin', 'kontrol', 'bengkel', 'kerja', 'kalapas', 'ambarawa', 'agus', 'heryanto', 'semangati', 'wb', 'cotx26div3qp'];number kakanwil kemenkumham jateng yuspahruddin kontrol bengkel kerja kalapas ambarawa agus heryanto semangati wb cotx26div3qp
47;47;"RT @GajahmadaFM: Apa itu katarak? Apa gejalanya serta bagaimana penanganannya?

Simak penjelasan Dr. Laras Widayanti, SpM - Dokter Spesialiâ€¦";0;rt user apa itu katarak apa gejalanya serta bagaimana penanganannya simak penjelasan dr laras widayanti spm dokter spesiali;['rt', 'user', 'apa', 'itu', 'katarak', 'apa', 'gejalanya', 'serta', 'bagaimana', 'penanganannya', 'simak', 'penjelasan', 'dr', 'laras', 'widayanti', 'spm', 'dokter', 'spesiali'];['rt', 'user', 'apa', 'itu', 'katarak', 'apa', 'gejalanya', 'serta', 'bagaimana', 'penanganannya', 'simak', 'penjelasan', 'dr', 'laras', 'widayanti', 'spm', 'dokter', 'spesiali'];rt user apa itu katarak apa gejalanya serta bagaimana penanganannya simak penjelasan dr laras widayanti spm dokter spesiali
48;48;23.KAKANWIL KEMENKUMHAM JATENG A YUSPAHRUDDIN:  Kontrol Bengkel Kerja, Kalapas Ambarawa, Agus Heryanto Semangati WBâ€¦ https://t.co/Z9mTR425GH;0;number kakanwil kemenkumham jateng yuspahruddin kontrol bengkel kerja kalapas ambarawa agus heryanto semangati wb coz9mtr425gh;['number', 'kakanwil', 'kemenkumham', 'jateng', 'yuspahruddin', 'kontrol', 'bengkel', 'kerja', 'kalapas', 'ambarawa', 'agus', 'heryanto', 'semangati', 'wb', 'coz9mtr425gh'];['number', 'kakanwil', 'kemenkumham', 'jateng', 'yuspahruddin', 'kontrol', 'bengkel', 'kerja', 'kalapas', 'ambarawa', 'agus', 'heryanto', 'semangati', 'wb', 'coz9mtr425gh'];number kakanwil kemenkumham jateng yuspahruddin kontrol bengkel kerja kalapas ambarawa agus heryanto semangati wb coz9mtr425gh
49;49;Pijat pasutri semarang mana ya https://t.co/tnBbFwEfUd;0;pijat pasutri semarang mana ya cotnbbfwefud;['pijat', 'pasutri', 'semarang', 'mana', 'ya', 'cotnbbfwefud'];['pijat', 'pasutri', 'semarang', 'mana', 'ya', 'cotnbbfwefud'];pijat pasutri semarang mana ya cotnbbfwefud
50;50;22.KAKANWIL KEMENKUMHAM JATENG A YUSPAHRUDDIN:  Kontrol Bengkel Kerja, Kalapas Ambarawa, Agus Heryanto Semangati WBâ€¦ https://t.co/HTZcRZSZ0I;0;number kakanwil kemenkumham jateng yuspahruddin kontrol bengkel kerja kalapas ambarawa agus heryanto semangati wb cohtzcrzsz0i;['number', 'kakanwil', 'kemenkumham', 'jateng', 'yuspahruddin', 'kontrol', 'bengkel', 'kerja', 'kalapas', 'ambarawa', 'agus', 'heryanto', 'semangati', 'wb', 'cohtzcrzsz0i'];['number', 'kakanwil', 'kemenkumham', 'jateng', 'yuspahruddin', 'kontrol', 'bengkel', 'kerja', 'kalapas', 'ambarawa', 'agus', 'heryanto', 'semangati', 'wb', 'cohtzcrzsz0i'];number kakanwil kemenkumham jateng yuspahruddin kontrol bengkel kerja kalapas ambarawa agus heryanto semangati wb cohtzcrzsz0i
51;51;"RT @ketjususuu: ğŸ’¥ rekomendasi jeans highwaist ğŸ’¥

- a thread 

( hasil tes otak kanan kiri telkomsel lahiran saat malam minggu halloween berâ€¦";0;rt user rekomendasi jeans highwaist thread hasil tes otak kanan kiri telkomsel lahiran saat malam minggu halloween ber;['rt', 'user', 'rekomendasi', 'jeans', 'highwaist', 'thread', 'hasil', 'tes', 'otak', 'kanan', 'kiri', 'telkomsel', 'lahiran', 'saat', 'malam', 'minggu', 'halloween', 'ber'];['rt', 'user', 'rekomendasi', 'jeans', 'highwaist', 'thread', 'hasil', 'tes', 'otak', 'kanan', 'kiri', 'telkomsel', 'lahiran', 'saat', 'malam', 'minggu', 'halloween', 'ber'];rt user rekomendasi jeans highwaist thread hasil tes otak kanan kiri telkomsel lahiran saat malam minggu halloween ber
52;52;21.KAKANWIL KEMENKUMHAM JATENG A YUSPAHRUDDIN: Kontrol Bengkel Kerja, Kalapas Ambarawa, Agus Heryanto Semangati WBPâ€¦ https://t.co/AYZu41oorZ;0;number kakanwil kemenkumham jateng yuspahruddin kontrol bengkel kerja kalapas ambarawa agus heryanto semangati wbp coayzu41oorz;['number', 'kakanwil', 'kemenkumham', 'jateng', 'yuspahruddin', 'kontrol', 'bengkel', 'kerja', 'kalapas', 'ambarawa', 'agus', 'heryanto', 'semangati', 'wbp', 'coayzu41oorz'];['number', 'kakanwil', 'kemenkumham', 'jateng', 'yuspahruddin', 'kontrol', 'bengkel', 'kerja', 'kalapas', 'ambarawa', 'agus', 'heryanto', 'semangati', 'wbp', 'coayzu41oorz'];number kakanwil kemenkumham jateng yuspahruddin kontrol bengkel kerja kalapas ambarawa agus heryanto semangati wbp coayzu41oorz
53;53;"Ke semarang naik mobil bis kota
Perginya pagi bareng si mia
Cinta bukan sembarang cinta
Cinta ku padamu sepanjang usia #robotpea";0;ke semarang naik mobil bis kota perginya pagi bareng si mia cinta bukan sembarang cinta cinta ku padamu sepanjang usia hashtag robot pea hashtag;['ke', 'semarang', 'naik', 'mobil', 'bis', 'kota', 'perginya', 'pagi', 'bareng', 'si', 'mia', 'cinta', 'bukan', 'sembarang', 'cinta', 'cinta', 'ku', 'padamu', 'sepanjang', 'usia', 'hashtag', 'robot', 'pea', 'hashtag'];['ke', 'semarang', 'naik', 'mobil', 'bis', 'kota', 'perginya', 'pagi', 'bareng', 'si', 'mia', 'cinta', 'bukan', 'sembarang', 'cinta', 'cinta', 'ku', 'padamu', 'sepanjang', 'usia', 'hashtag', 'robot', 'pea', 'hashtag'];ke semarang naik mobil bis kota perginya pagi bareng si mia cinta bukan sembarang cinta cinta ku padamu sepanjang usia hashtag robot pea hashtag
54;54;20.KAKANWIL KEMENKUMHAM JATENG A YUSPAHRUDDIN: Kontrol Bengkel Kerja, Kalapas Ambarawa, Agus Heryanto Semangati WBPâ€¦ https://t.co/Hwbdhf7afm;0;number kakanwil kemenkumham jateng yuspahruddin kontrol bengkel kerja kalapas ambarawa agus heryanto semangati wbp cohwbdhf7afm;['number', 'kakanwil', 'kemenkumham', 'jateng', 'yuspahruddin', 'kontrol', 'bengkel', 'kerja', 'kalapas', 'ambarawa', 'agus', 'heryanto', 'semangati', 'wbp', 'cohwbdhf7afm'];['number', 'kakanwil', 'kemenkumham', 'jateng', 'yuspahruddin', 'kontrol', 'bengkel', 'kerja', 'kalapas', 'ambarawa', 'agus', 'heryanto', 'semangati', 'wbp', 'cohwbdhf7afm'];number kakanwil kemenkumham jateng yuspahruddin kontrol bengkel kerja kalapas ambarawa agus heryanto semangati wbp cohwbdhf7afm
55;55;19.KAKANWIL KEMENKUMHAM JATENG A YUSPAHRUDDIN: Kontrol Bengkel Kerja, Kalapas Ambarawa, Agus Heryanto Semangati WBPâ€¦ https://t.co/TTuaOidJqz;0;number kakanwil kemenkumham jateng yuspahruddin kontrol bengkel kerja kalapas ambarawa agus heryanto semangati wbp cottuaoidjqz;['number', 'kakanwil', 'kemenkumham', 'jateng', 'yuspahruddin', 'kontrol', 'bengkel', 'kerja', 'kalapas', 'ambarawa', 'agus', 'heryanto', 'semangati', 'wbp', 'cottuaoidjqz'];['number', 'kakanwil', 'kemenkumham', 'jateng', 'yuspahruddin', 'kontrol', 'bengkel', 'kerja', 'kalapas', 'ambarawa', 'agus', 'heryanto', 'semangati', 'wbp', 'cottuaoidjqz'];number kakanwil kemenkumham jateng yuspahruddin kontrol bengkel kerja kalapas ambarawa agus heryanto semangati wbp cottuaoidjqz
56;56;"RT @Rena_mareta: Menteri BUMN Pak @erickthohir Sapa Warga Nelayan Tambak Lorok, di Kota Semarang.
Beliau hadir jg sekaligus memberikan progâ€¦";0;rt user menteri bumn pak user sapa warga nelayan tambak lorok di kota semarang beliau hadir jg sekaligus memberikan prog;['rt', 'user', 'menteri', 'bumn', 'pak', 'user', 'sapa', 'warga', 'nelayan', 'tambak', 'lorok', 'di', 'kota', 'semarang', 'beliau', 'hadir', 'jg', 'sekaligus', 'memberikan', 'prog'];['rt', 'user', 'menteri', 'bumn', 'pak', 'user', 'sapa', 'warga', 'nelayan', 'tambak', 'lorok', 'di', 'kota', 'semarang', 'beliau', 'hadir', 'jg', 'sekaligus', 'memberikan', 'prog'];rt user menteri bumn pak user sapa warga nelayan tambak lorok di kota semarang beliau hadir jg sekaligus memberikan prog
57;57;RT @jeeeek_: Menteri BUMN @erickthohir Sapa Warga Nelayan Tambak Loro, Kota Semarang.  Seperti diketahui, Tambak Lorok menjadi salah satu wâ€¦;0;rt user menteri bumn user sapa warga nelayan tambak loro kota semarang seperti diketahui tambak lorok menjadi salah satu;['rt', 'user', 'menteri', 'bumn', 'user', 'sapa', 'warga', 'nelayan', 'tambak', 'loro', 'kota', 'semarang', 'seperti', 'diketahui', 'tambak', 'lorok', 'menjadi', 'salah', 'satu'];['rt', 'user', 'menteri', 'bumn', 'user', 'sapa', 'warga', 'nelayan', 'tambak', 'loro', 'kota', 'semarang', 'seperti', 'diketahui', 'tambak', 'lorok', 'menjadi', 'salah', 'satu'];rt user menteri bumn user sapa warga nelayan tambak loro kota semarang seperti diketahui tambak lorok menjadi salah satu
58;58;18.KAKANWIL KEMENKUMHAM JATENG A YUSPAHRUDDIN: Kontrol Bengkel Kerja, Kalapas Ambarawa, Agus Heryanto Semangati WBPâ€¦ https://t.co/og5CZ24zKS;0;number kakanwil kemenkumham jateng yuspahruddin kontrol bengkel kerja kalapas ambarawa agus heryanto semangati wbp coog5cz24zks;['number', 'kakanwil', 'kemenkumham', 'jateng', 'yuspahruddin', 'kontrol', 'bengkel', 'kerja', 'kalapas', 'ambarawa', 'agus', 'heryanto', 'semangati', 'wbp', 'coog5cz24zks'];['number', 'kakanwil', 'kemenkumham', 'jateng', 'yuspahruddin', 'kontrol', 'bengkel', 'kerja', 'kalapas', 'ambarawa', 'agus', 'heryanto', 'semangati', 'wbp', 'coog5cz24zks'];number kakanwil kemenkumham jateng yuspahruddin kontrol bengkel kerja kalapas ambarawa agus heryanto semangati wbp coog5cz24zks
59;59;RT @Retnowonosari: Moment Menteri BUMN @erickthohir  memberikan Kuliah Umum yang bertema â€œPeran BUMN Dalam Menghadapi Tantangan Ekonomi Barâ€¦;0;rt user moment menteri bumn user memberikan kuliah umum yang bertema peran bumn dalam menghadapi tantangan ekonomi bar;['rt', 'user', 'moment', 'menteri', 'bumn', 'user', 'memberikan', 'kuliah', 'umum', 'yang', 'bertema', 'peran', 'bumn', 'dalam', 'menghadapi', 'tantangan', 'ekonomi', 'bar'];['rt', 'user', 'moment', 'menteri', 'bumn', 'user', 'memberikan', 'kuliah', 'umum', 'yang', 'bertema', 'peran', 'bumn', 'dalam', 'menghadapi', 'tantangan', 'ekonomi', 'bar'];rt user moment menteri bumn user memberikan kuliah umum yang bertema peran bumn dalam menghadapi tantangan ekonomi bar
60;60;RT @TopTofa: Wagub : Kampung Kauman yang masih berada satu lingkup dengan Alun-alun Kota Semarang. Menurutnya, Etnis Arab, Tionghoa, dan Jaâ€¦;0;rt user wagub kampung kauman yang masih berada satu lingkup dengan alun alun kota semarang menurutnya etnis arab tionghoa dan ja;['rt', 'user', 'wagub', 'kampung', 'kauman', 'yang', 'masih', 'berada', 'satu', 'lingkup', 'dengan', 'alun', 'alun', 'kota', 'semarang', 'menurutnya', 'etnis', 'arab', 'tionghoa', 'dan', 'ja'];['rt', 'user', 'wagub', 'kampung', 'kauman', 'yang', 'masih', 'berada', 'satu', 'lingkup', 'dengan', 'alun', 'alun', 'kota', 'semarang', 'menurutnya', 'etnis', 'arab', 'tionghoa', 'dan', 'ja'];rt user wagub kampung kauman yang masih berada satu lingkup dengan alun alun kota semarang menurutnya etnis arab tionghoa dan ja
61;61;"RT @febriyan_id: Dampingi Kapolri Silaturahmi ke Ulama di Semarang, Taj Yasin Imbau Masyarakat Terus ...
https://t.co/WqGWpxt5NL
#TajYasinâ€¦";0;rt user dampingi kapolri silaturahmi ke ulama di semarang taj yasin imbau masyarakat terus cowqgwpxt5nl hashtag taj yasin hashtag;['rt', 'user', 'dampingi', 'kapolri', 'silaturahmi', 'ke', 'ulama', 'di', 'semarang', 'taj', 'yasin', 'imbau', 'masyarakat', 'terus', 'cowqgwpxt5nl', 'hashtag', 'taj', 'yasin', 'hashtag'];['rt', 'user', 'dampingi', 'kapolri', 'silaturahmi', 'ke', 'ulama', 'di', 'semarang', 'taj', 'yasin', 'imbau', 'masyarakat', 'terus', 'cowqgwpxt5nl', 'hashtag', 'taj', 'yasin', 'hashtag'];rt user dampingi kapolri silaturahmi ke ulama di semarang taj yasin imbau masyarakat terus cowqgwpxt5nl hashtag taj yasin hashtag
62;62;Info dokter anak kayak dokter adhit ini dong di semarang/surabaya/jember ğŸ¥º https://t.co/IxP0x1gdpr;0;info dokter anak kayak dokter adhit ini dong di semarang surabaya jember coixp0x1gdpr;['info', 'dokter', 'anak', 'kayak', 'dokter', 'adhit', 'ini', 'dong', 'di', 'semarang', 'surabaya', 'jember', 'coixp0x1gdpr'];['info', 'dokter', 'anak', 'kayak', 'dokter', 'adhit', 'ini', 'dong', 'di', 'semarang', 'surabaya', 'jember', 'coixp0x1gdpr'];info dokter anak kayak dokter adhit ini dong di semarang surabaya jember coixp0x1gdpr
63;63;aku pengin main deh ke semarang bawah, enaknya kemana ya ?;1;aku pengin main deh ke semarang bawah enaknya kemana ya;['aku', 'pengin', 'main', 'deh', 'ke', 'semarang', 'bawah', 'enaknya', 'kemana', 'ya'];['aku', 'pengin', 'main', 'deh', 'ke', 'semarang', 'bawah', 'enaknya', 'kemana', 'ya'];aku pengin main deh ke semarang bawah enaknya kemana ya
64;64;"RT @mantanBCL: Menteri BUMN Erick Thohir mengisi Kuliah Umum di Kampus Universitas Negeri Semarang (UNES).
@erickthohir 
#BangkitBersamaETâ€¦";0;rt user menteri bumn erick thohir mengisi kuliah umum di kampus universitas negeri semarang unes user hashtag bangkit bersama et hashtag;['rt', 'user', 'menteri', 'bumn', 'erick', 'thohir', 'mengisi', 'kuliah', 'umum', 'di', 'kampus', 'universitas', 'negeri', 'semarang', 'unes', 'user', 'hashtag', 'bangkit', 'bersama', 'et', 'hashtag'];['rt', 'user', 'menteri', 'bumn', 'erick', 'thohir', 'mengisi', 'kuliah', 'umum', 'di', 'kampus', 'universitas', 'negeri', 'semarang', 'unes', 'user', 'hashtag', 'bangkit', 'bersama', 'et', 'hashtag'];rt user menteri bumn erick thohir mengisi kuliah umum di kampus universitas negeri semarang unes user hashtag bangkit bersama et hashtag
65;65;17.KAKANWIL KEMENKUMHAM JATENG A YUSPAHRUDDIN: Kontrol Bengkel Kerja, Kalapas Ambarawa, Agus Heryanto Semangati WBPâ€¦ https://t.co/aqT2RaUWj8;0;number kakanwil kemenkumham jateng yuspahruddin kontrol bengkel kerja kalapas ambarawa agus heryanto semangati wbp coaqt2rauwj8;['number', 'kakanwil', 'kemenkumham', 'jateng', 'yuspahruddin', 'kontrol', 'bengkel', 'kerja', 'kalapas', 'ambarawa', 'agus', 'heryanto', 'semangati', 'wbp', 'coaqt2rauwj8'];['number', 'kakanwil', 'kemenkumham', 'jateng', 'yuspahruddin', 'kontrol', 'bengkel', 'kerja', 'kalapas', 'ambarawa', 'agus', 'heryanto', 'semangati', 'wbp', 'coaqt2rauwj8'];number kakanwil kemenkumham jateng yuspahruddin kontrol bengkel kerja kalapas ambarawa agus heryanto semangati wbp coaqt2rauwj8
66;66;RT @MalikAchmad06: Menteri BUMN Erick Thohir hadiri Kuliah Umum di Kampus Universitas Negeri Semarang (UNES), Semarang. Beliau juga sekaliaâ€¦;0;rt user menteri bumn erick thohir hadiri kuliah umum di kampus universitas negeri semarang unes semarang beliau juga sekalia;['rt', 'user', 'menteri', 'bumn', 'erick', 'thohir', 'hadiri', 'kuliah', 'umum', 'di', 'kampus', 'universitas', 'negeri', 'semarang', 'unes', 'semarang', 'beliau', 'juga', 'sekalia'];['rt', 'user', 'menteri', 'bumn', 'erick', 'thohir', 'hadiri', 'kuliah', 'umum', 'di', 'kampus', 'universitas', 'negeri', 'semarang', 'unes', 'semarang', 'beliau', 'juga', 'sekalia'];rt user menteri bumn erick thohir hadiri kuliah umum di kampus universitas negeri semarang unes semarang beliau juga sekalia
67;67;"RT @DM_N4BYL: Mas mentri BUMN Erick Thohir Dalam rangka melakukan Kunjungan kerja

Hadir dan menyapa, menyerap aspirasi serta permasalahanâ€¦";0;rt user mas mentri bumn erick thohir dalam rangka melakukan kunjungan kerja hadir dan menyapa menyerap aspirasi serta permasalahan;['rt', 'user', 'mas', 'mentri', 'bumn', 'erick', 'thohir', 'dalam', 'rangka', 'melakukan', 'kunjungan', 'kerja', 'hadir', 'dan', 'menyapa', 'menyerap', 'aspirasi', 'serta', 'permasalahan'];['rt', 'user', 'mas', 'mentri', 'bumn', 'erick', 'thohir', 'dalam', 'rangka', 'melakukan', 'kunjungan', 'kerja', 'hadir', 'dan', 'menyapa', 'menyerap', 'aspirasi', 'serta', 'permasalahan'];rt user mas mentri bumn erick thohir dalam rangka melakukan kunjungan kerja hadir dan menyapa menyerap aspirasi serta permasalahan
68;68;"RT @penyemanqat: Atasan batik biru navy
ğŸ“https://t.co/8An6v85Bsv
ğŸ“https://t.co/NPZfAWYFdm
ğŸ“https://t.co/NhcCFV39fo
ğŸ“https://t.co/duo7X9X3nqâ€¦";0;rt user atasan batik biru navy co8an6v85bsv conpzfawyfdm conhccfv39fo coduo7x9x3nq;['rt', 'user', 'atasan', 'batik', 'biru', 'navy', 'co8an6v85bsv', 'conpzfawyfdm', 'conhccfv39fo', 'coduo7x9x3nq'];['rt', 'user', 'atasan', 'batik', 'biru', 'navy', 'co8an6v85bsv', 'conpzfawyfdm', 'conhccfv39fo', 'coduo7x9x3nq'];rt user atasan batik biru navy co8an6v85bsv conpzfawyfdm conhccfv39fo coduo7x9x3nq
69;69;"16.KAKANWIL KEMENKUMHAM JATENG A YUSPAHRUDDIN: Imigrasi dalam Pencegahan Dugaan Tindak Pidana Perdagangan Orang
https://t.co/JBWvQ5cdjW";0;number kakanwil kemenkumham jateng yuspahruddin imigrasi dalam pencegahan dugaan tindak pidana perdagangan orang cojbwvq5cdjw;['number', 'kakanwil', 'kemenkumham', 'jateng', 'yuspahruddin', 'imigrasi', 'dalam', 'pencegahan', 'dugaan', 'tindak', 'pidana', 'perdagangan', 'orang', 'cojbwvq5cdjw'];['number', 'kakanwil', 'kemenkumham', 'jateng', 'yuspahruddin', 'imigrasi', 'dalam', 'pencegahan', 'dugaan', 'tindak', 'pidana', 'perdagangan', 'orang', 'cojbwvq5cdjw'];number kakanwil kemenkumham jateng yuspahruddin imigrasi dalam pencegahan dugaan tindak pidana perdagangan orang cojbwvq5cdjw
70;70;@aleearth_ Morning alee! Wah mas lingga nya di bandung nih, lagi gak di semarang ğŸ˜‚;0;user morning alee wah mas lingga nya di bandung nih lagi gak di semarang;['user', 'morning', 'alee', 'wah', 'mas', 'lingga', 'nya', 'di', 'bandung', 'nih', 'lagi', 'gak', 'di', 'semarang'];['user', 'morning', 'alee', 'wah', 'mas', 'lingga', 'nya', 'di', 'bandung', 'nih', 'lagi', 'gak', 'di', 'semarang'];user morning alee wah mas lingga nya di bandung nih lagi gak di semarang
71;71;"RT @denni_sauya: Di Jawa Tengah Menteri BUMN Erick Thohir Sapa Warga Nelayan Tambak Lorok, Kota Semarang.
@erickthohir 
#BangkitBersamaET hâ€¦";0;rt user di jawa tengah menteri bumn erick thohir sapa warga nelayan tambak lorok kota semarang user hashtag bangkit bersama et hashtag;['rt', 'user', 'di', 'jawa', 'tengah', 'menteri', 'bumn', 'erick', 'thohir', 'sapa', 'warga', 'nelayan', 'tambak', 'lorok', 'kota', 'semarang', 'user', 'hashtag', 'bangkit', 'bersama', 'et', 'hashtag'];['rt', 'user', 'di', 'jawa', 'tengah', 'menteri', 'bumn', 'erick', 'thohir', 'sapa', 'warga', 'nelayan', 'tambak', 'lorok', 'kota', 'semarang', 'user', 'hashtag', 'bangkit', 'bersama', 'et', 'hashtag'];rt user di jawa tengah menteri bumn erick thohir sapa warga nelayan tambak lorok kota semarang user hashtag bangkit bersama et hashtag
72;72;RT @sedulur_SGN: â€œDitambah kita menghadapi pemilu 2024,kita berharap sih, isu isu terkait agama tidak perlu diangkat sedemikian rupa, toh kâ€¦;0;rt user ditambah kita menghadapi pemilu number kita berharap sih isu isu terkait agama tidak perlu diangkat sedemikian rupa toh;['rt', 'user', 'ditambah', 'kita', 'menghadapi', 'pemilu', 'number', 'kita', 'berharap', 'sih', 'isu', 'isu', 'terkait', 'agama', 'tidak', 'perlu', 'diangkat', 'sedemikian', 'rupa', 'toh'];['rt', 'user', 'ditambah', 'kita', 'menghadapi', 'pemilu', 'number', 'kita', 'berharap', 'sih', 'isu', 'isu', 'terkait', 'agama', 'tidak', 'perlu', 'diangkat', 'sedemikian', 'rupa', 'toh'];rt user ditambah kita menghadapi pemilu number kita berharap sih isu isu terkait agama tidak perlu diangkat sedemikian rupa toh
73;73;"RT @OTONK2000: Pak @erickthohir mengikuti Kuliah Umum di Kampus Universitas Negeri Semarang (UNES)
#BangkitBersamaET https://t.co/BCspxlaEuW";0;rt user pak user mengikuti kuliah umum di kampus universitas negeri semarang unes hashtag bangkit bersama et hashtag cobcspxlaeuw;['rt', 'user', 'pak', 'user', 'mengikuti', 'kuliah', 'umum', 'di', 'kampus', 'universitas', 'negeri', 'semarang', 'unes', 'hashtag', 'bangkit', 'bersama', 'et', 'hashtag', 'cobcspxlaeuw'];['rt', 'user', 'pak', 'user', 'mengikuti', 'kuliah', 'umum', 'di', 'kampus', 'universitas', 'negeri', 'semarang', 'unes', 'hashtag', 'bangkit', 'bersama', 'et', 'hashtag', 'cobcspxlaeuw'];rt user pak user mengikuti kuliah umum di kampus universitas negeri semarang unes hashtag bangkit bersama et hashtag cobcspxlaeuw
74;74;"RT @Juragantajirrr: ""Masyarakat menginginkan Pak Erick Thohir menjadi wapres karena beliau bekerja nyata dan menjadi andalan Presiden Jokowâ€¦";0;rt user masyarakat menginginkan pak erick thohir menjadi wapres karena beliau bekerja nyata dan menjadi andalan presiden jokow;['rt', 'user', 'masyarakat', 'menginginkan', 'pak', 'erick', 'thohir', 'menjadi', 'wapres', 'karena', 'beliau', 'bekerja', 'nyata', 'dan', 'menjadi', 'andalan', 'presiden', 'jokow'];['rt', 'user', 'masyarakat', 'menginginkan', 'pak', 'erick', 'thohir', 'menjadi', 'wapres', 'karena', 'beliau', 'bekerja', 'nyata', 'dan', 'menjadi', 'andalan', 'presiden', 'jokow'];rt user masyarakat menginginkan pak erick thohir menjadi wapres karena beliau bekerja nyata dan menjadi andalan presiden jokow
75;75;"RT @Bias_suara: Di Semarang Erick Thohir menyempatkan menyapa Warga Nelayan Tambak Loro, Kota Semarang

#BangkitBersamaET https://t.co/pDynâ€¦";0;rt user di semarang erick thohir menyempatkan menyapa warga nelayan tambak loro kota semarang hashtag bangkit bersama et hashtag copdyn;['rt', 'user', 'di', 'semarang', 'erick', 'thohir', 'menyempatkan', 'menyapa', 'warga', 'nelayan', 'tambak', 'loro', 'kota', 'semarang', 'hashtag', 'bangkit', 'bersama', 'et', 'hashtag', 'copdyn'];['rt', 'user', 'di', 'semarang', 'erick', 'thohir', 'menyempatkan', 'menyapa', 'warga', 'nelayan', 'tambak', 'loro', 'kota', 'semarang', 'hashtag', 'bangkit', 'bersama', 'et', 'hashtag', 'copdyn'];rt user di semarang erick thohir menyempatkan menyapa warga nelayan tambak loro kota semarang hashtag bangkit bersama et hashtag copdyn
76;76;RT @JarnasABW: Relawan JARNAS semakin hari semakin merata di Jawa Tengah. Untuk menyatukan langkah strategis JARNAS menyelenggarakan Sekolaâ€¦;0;rt user relawan jarnas semakin hari semakin merata di jawa tengah untuk menyatukan langkah strategis jarnas menyelenggarakan sekola;['rt', 'user', 'relawan', 'jarnas', 'semakin', 'hari', 'semakin', 'merata', 'di', 'jawa', 'tengah', 'untuk', 'menyatukan', 'langkah', 'strategis', 'jarnas', 'menyelenggarakan', 'sekola'];['rt', 'user', 'relawan', 'jarnas', 'semakin', 'hari', 'semakin', 'merata', 'di', 'jawa', 'tengah', 'untuk', 'menyatukan', 'langkah', 'strategis', 'jarnas', 'menyelenggarakan', 'sekola'];rt user relawan jarnas semakin hari semakin merata di jawa tengah untuk menyatukan langkah strategis jarnas menyelenggarakan sekola
77;77;"12.KAKANWIL KEMENKUMHAM JATENG A YUSPAHRUDDIN: Imigrasi dalam Pencegahan Dugaan Tindak Pidana Perdagangan Orang
https://t.co/u1fKfl4ktQ";0;number kakanwil kemenkumham jateng yuspahruddin imigrasi dalam pencegahan dugaan tindak pidana perdagangan orang cou1fkfl4ktq;['number', 'kakanwil', 'kemenkumham', 'jateng', 'yuspahruddin', 'imigrasi', 'dalam', 'pencegahan', 'dugaan', 'tindak', 'pidana', 'perdagangan', 'orang', 'cou1fkfl4ktq'];['number', 'kakanwil', 'kemenkumham', 'jateng', 'yuspahruddin', 'imigrasi', 'dalam', 'pencegahan', 'dugaan', 'tindak', 'pidana', 'perdagangan', 'orang', 'cou1fkfl4ktq'];number kakanwil kemenkumham jateng yuspahruddin imigrasi dalam pencegahan dugaan tindak pidana perdagangan orang cou1fkfl4ktq
78;78;RT @TopTofa: Usai menjadi inspektur upacara, Wagub Taj Yasin berjalan menuju serambi Masjid Agung Kauman Semarang untuk menghadiri Sarasehaâ€¦;0;rt user usai menjadi inspektur upacara wagub taj yasin berjalan menuju serambi masjid agung kauman semarang untuk menghadiri saraseha;['rt', 'user', 'usai', 'menjadi', 'inspektur', 'upacara', 'wagub', 'taj', 'yasin', 'berjalan', 'menuju', 'serambi', 'masjid', 'agung', 'kauman', 'semarang', 'untuk', 'menghadiri', 'saraseha'];['rt', 'user', 'usai', 'menjadi', 'inspektur', 'upacara', 'wagub', 'taj', 'yasin', 'berjalan', 'menuju', 'serambi', 'masjid', 'agung', 'kauman', 'semarang', 'untuk', 'menghadiri', 'saraseha'];rt user usai menjadi inspektur upacara wagub taj yasin berjalan menuju serambi masjid agung kauman semarang untuk menghadiri saraseha
79;79;"â¤ Recommended

base â€º jogjakarta
expo
â€º semarang now

@selaluRindu_
@RinduGadis_ https://t.co/5gYxS0Kb6p";-1;recommended base jogjakarta expo semarang now user user co5gyxs0kb6p;['recommended', 'base', 'jogjakarta', 'expo', 'semarang', 'now', 'user', 'user', 'co5gyxs0kb6p'];['recommended', 'base', 'jogjakarta', 'expo', 'semarang', 'now', 'user', 'user', 'co5gyxs0kb6p'];recommended base jogjakarta expo semarang now user user co5gyxs0kb6p
80;80;rela2 mau nyamperin ke semarang, eh yang mau disamperin malah ke dewatağŸ˜€ yawes nexttime hhu;0;rela2 mau nyamperin ke semarang eh yang mau disamperin malah ke dewata yawes nexttime hhu;['rela2', 'mau', 'nyamperin', 'ke', 'semarang', 'eh', 'yang', 'mau', 'disamperin', 'malah', 'ke', 'dewata', 'yawes', 'nexttime', 'hhu'];['rela2', 'mau', 'nyamperin', 'ke', 'semarang', 'eh', 'yang', 'mau', 'disamperin', 'malah', 'ke', 'dewata', 'yawes', 'nexttime', 'hhu'];rela2 mau nyamperin ke semarang eh yang mau disamperin malah ke dewata yawes nexttime hhu
81;81;"RT @Abkar5758: Dampingi Kapolri di Semarang, Gus Yasin Imbau Warga Terus Jaga Kerukunan https://t.co/zdPGdv0lew
#GusYasin 
#PanglimaSGN 
#Sâ€¦";0;rt user dampingi kapolri di semarang gus yasin imbau warga terus jaga kerukunan cozdpgdv0lew hashtag gus yasin hashtag hashtag panglima sgn hashtag hashtag hashtag;['rt', 'user', 'dampingi', 'kapolri', 'di', 'semarang', 'gus', 'yasin', 'imbau', 'warga', 'terus', 'jaga', 'kerukunan', 'cozdpgdv0lew', 'hashtag', 'gus', 'yasin', 'hashtag', 'hashtag', 'panglima', 'sgn', 'hashtag', 'hashtag', 'hashtag'];['rt', 'user', 'dampingi', 'kapolri', 'di', 'semarang', 'gus', 'yasin', 'imbau', 'warga', 'terus', 'jaga', 'kerukunan', 'cozdpgdv0lew', 'hashtag', 'gus', 'yasin', 'hashtag', 'hashtag', 'panglima', 'sgn', 'hashtag', 'hashtag', 'hashtag'];rt user dampingi kapolri di semarang gus yasin imbau warga terus jaga kerukunan cozdpgdv0lew hashtag gus yasin hashtag hashtag panglima sgn hashtag hashtag hashtag
82;82;"RT @jaeyunloverclub: #ğŸ®
ğ‘»ğ’‰ğ’† ğ‘®ğ’ğ’†ğ’‚ğ’ ğ’ğ’‡ ğ‘¶ğ’–ğ’“ ğ‘ºğ’•ğ’‚ğ’“

â€œJake Special Photobooth Eventâ€

ğŸ—“: Nov 13-20 2022
ğŸ“: Jakarta, Tangerang, Bekasi, Gresik, Suâ€¦";1;rt user number jake special photobooth event date number jakarta tangerang bekasi gresik su;['rt', 'user', 'number', 'jake', 'special', 'photobooth', 'event', 'date', 'number', 'jakarta', 'tangerang', 'bekasi', 'gresik', 'su'];['rt', 'user', 'number', 'jake', 'special', 'photobooth', 'event', 'date', 'number', 'jakarta', 'tangerang', 'bekasi', 'gresik', 'su'];rt user number jake special photobooth event date number jakarta tangerang bekasi gresik su
83;83;@caratsstore inc all dom semarang bisa keep event https://t.co/CHGo7YWpxK;0;user inc all dom semarang bisa keep event cochgo7ywpxk;['user', 'inc', 'all', 'dom', 'semarang', 'bisa', 'keep', 'event', 'cochgo7ywpxk'];['user', 'inc', 'all', 'dom', 'semarang', 'bisa', 'keep', 'event', 'cochgo7ywpxk'];user inc all dom semarang bisa keep event cochgo7ywpxk
84;84;-dips! ada anjem mobil buat dari stasiun semarang poncol ke tembalang hari ini sekitar jam 14.45 gak? drop fee juga ya, makasih;0;dips ada anjem mobil buat dari stasiun semarang poncol ke tembalang hari ini sekitar jam number gak drop fee juga ya makasih;['dips', 'ada', 'anjem', 'mobil', 'buat', 'dari', 'stasiun', 'semarang', 'poncol', 'ke', 'tembalang', 'hari', 'ini', 'sekitar', 'jam', 'number', 'gak', 'drop', 'fee', 'juga', 'ya', 'makasih'];['dips', 'ada', 'anjem', 'mobil', 'buat', 'dari', 'stasiun', 'semarang', 'poncol', 'ke', 'tembalang', 'hari', 'ini', 'sekitar', 'jam', 'number', 'gak', 'drop', 'fee', 'juga', 'ya', 'makasih'];dips ada anjem mobil buat dari stasiun semarang poncol ke tembalang hari ini sekitar jam number gak drop fee juga ya makasih
85;85;@caratsmarket yuk di take inc all dom semarang bisa keep event https://t.co/CHGo7YWpxK;0;user yuk di take inc all dom semarang bisa keep event cochgo7ywpxk;['user', 'yuk', 'di', 'take', 'inc', 'all', 'dom', 'semarang', 'bisa', 'keep', 'event', 'cochgo7ywpxk'];['user', 'yuk', 'di', 'take', 'inc', 'all', 'dom', 'semarang', 'bisa', 'keep', 'event', 'cochgo7ywpxk'];user yuk di take inc all dom semarang bisa keep event cochgo7ywpxk
86;86;"HELP RT
WTS LS BLACKPINK VER 2 LIMITED EDITION
ğŸ’¸ 900k Boleh Nego
 Harga belum termasuk Packing&amp;Ongkir
Include
ğŸ€Lighâ€¦ https://t.co/okKae8vlkr";-1;help rt wts ls blackpink ver number limited edition 9 0 0 boleh nego harga belum termasuk packing ongkir include ligh cookkae8vlkr;['help', 'rt', 'wts', 'ls', 'blackpink', 'ver', 'number', 'limited', 'edition', '9', '0', '0', 'boleh', 'nego', 'harga', 'belum', 'termasuk', 'packing', 'ongkir', 'include', 'ligh', 'cookkae8vlkr'];['help', 'rt', 'wts', 'ls', 'blackpink', 'ver', 'number', 'limited', 'edition', '9', '0', '0', 'boleh', 'nego', 'harga', 'belum', 'termasuk', 'packing', 'ongkir', 'include', 'ligh', 'cookkae8vlkr'];help rt wts ls blackpink ver number limited edition 9 0 0 boleh nego harga belum termasuk packing ongkir include ligh cookkae8vlkr
87;87;Semua orang bisa memilih tapi tak semua orang bisa setia dgn pilihannya #foredi #semarang #SolusiEjakulasiDini;0;semua orang bisa memilih tapi tak semua orang bisa setia dgn pilihannya hashtag for edi hashtag hashtag semarang hashtag hashtag solusi ejakulasi dini hashtag;['semua', 'orang', 'bisa', 'memilih', 'tapi', 'tak', 'semua', 'orang', 'bisa', 'setia', 'dgn', 'pilihannya', 'hashtag', 'for', 'edi', 'hashtag', 'hashtag', 'semarang', 'hashtag', 'hashtag', 'solusi', 'ejakulasi', 'dini', 'hashtag'];['semua', 'orang', 'bisa', 'memilih', 'tapi', 'tak', 'semua', 'orang', 'bisa', 'setia', 'dgn', 'pilihannya', 'hashtag', 'for', 'edi', 'hashtag', 'hashtag', 'semarang', 'hashtag', 'hashtag', 'solusi', 'ejakulasi', 'dini', 'hashtag'];semua orang bisa memilih tapi tak semua orang bisa setia dgn pilihannya hashtag for edi hashtag hashtag semarang hashtag hashtag solusi ejakulasi dini hashtag
88;88;"Angin d solo gede banget .sepoy sepoy .
Siap siap otw SEMARANG
#ExpoSemarang #semarangbo https://t.co/oSsUtKV3Ag";0;angin solo gede banget sepoy sepoy siap siap otw semarang hashtag expo semarang hashtag hashtag semarang bo hashtag coossutkv3ag;['angin', 'solo', 'gede', 'banget', 'sepoy', 'sepoy', 'siap', 'siap', 'otw', 'semarang', 'hashtag', 'expo', 'semarang', 'hashtag', 'hashtag', 'semarang', 'bo', 'hashtag', 'coossutkv3ag'];['angin', 'solo', 'gede', 'banget', 'sepoy', 'sepoy', 'siap', 'siap', 'otw', 'semarang', 'hashtag', 'expo', 'semarang', 'hashtag', 'hashtag', 'semarang', 'bo', 'hashtag', 'coossutkv3ag'];angin solo gede banget sepoy sepoy siap siap otw semarang hashtag expo semarang hashtag hashtag semarang bo hashtag coossutkv3ag
89;89;@BoyzFess_ let's be moots, semarang kudu hatiÂ² juga nder :);0;user let us be moots semarang kudu hati juga nder happy;['user', 'let', 'us', 'be', 'moots', 'semarang', 'kudu', 'hati', 'juga', 'nder', 'happy'];['user', 'let', 'us', 'be', 'moots', 'semarang', 'kudu', 'hati', 'juga', 'nder', 'happy'];user let us be moots semarang kudu hati juga nder happy
90;90;@patjarmerah_id Min, kapan ke semarang lagi?;0;user min kapan ke semarang lagi;['user', 'min', 'kapan', 'ke', 'semarang', 'lagi'];['user', 'min', 'kapan', 'ke', 'semarang', 'lagi'];user min kapan ke semarang lagi
91;91;RT @FiersaBesari: Terima kasih karena telah berjuang sampai Semarang https://t.co/YQeMHzN8Rh;0;rt user terima kasih karena telah berjuang sampai semarang coyqemhzn8rh;['rt', 'user', 'terima', 'kasih', 'karena', 'telah', 'berjuang', 'sampai', 'semarang', 'coyqemhzn8rh'];['rt', 'user', 'terima', 'kasih', 'karena', 'telah', 'berjuang', 'sampai', 'semarang', 'coyqemhzn8rh'];rt user terima kasih karena telah berjuang sampai semarang coyqemhzn8rh
92;92;loker bongkar muat barang di semarangÂ  https://t.co/LoIeuAFxV7;0;loker bongkar muat barang di semarang coloieuafxv7;['loker', 'bongkar', 'muat', 'barang', 'di', 'semarang', 'coloieuafxv7'];['loker', 'bongkar', 'muat', 'barang', 'di', 'semarang', 'coloieuafxv7'];loker bongkar muat barang di semarang coloieuafxv7
93;93;RT @GreenpeaceID: Ada acara musik juga yang gak kalah kece sama acara sebelumnya. Cus daftar di https://t.co/ewOFMT8bbL https://t.co/THyKk1â€¦;0;rt user ada acara musik juga yang gak kalah kece sama acara sebelumnya cus daftar di coewofmt8bbl cothykk1;['rt', 'user', 'ada', 'acara', 'musik', 'juga', 'yang', 'gak', 'kalah', 'kece', 'sama', 'acara', 'sebelumnya', 'cus', 'daftar', 'di', 'coewofmt8bbl', 'cothykk1'];['rt', 'user', 'ada', 'acara', 'musik', 'juga', 'yang', 'gak', 'kalah', 'kece', 'sama', 'acara', 'sebelumnya', 'cus', 'daftar', 'di', 'coewofmt8bbl', 'cothykk1'];rt user ada acara musik juga yang gak kalah kece sama acara sebelumnya cus daftar di coewofmt8bbl cothykk1
94;94;"RT @Juragantajirrr: Menteri BUMN @erickthohir saat bertemu dan menyapa warga nelayan Tambak Loro, Kota Semarang dalam acara ""Sapa Warga Nelâ€¦";0;rt user menteri bumn user saat bertemu dan menyapa warga nelayan tambak loro kota semarang dalam acara sapa warga nel;['rt', 'user', 'menteri', 'bumn', 'user', 'saat', 'bertemu', 'dan', 'menyapa', 'warga', 'nelayan', 'tambak', 'loro', 'kota', 'semarang', 'dalam', 'acara', 'sapa', 'warga', 'nel'];['rt', 'user', 'menteri', 'bumn', 'user', 'saat', 'bertemu', 'dan', 'menyapa', 'warga', 'nelayan', 'tambak', 'loro', 'kota', 'semarang', 'dalam', 'acara', 'sapa', 'warga', 'nel'];rt user menteri bumn user saat bertemu dan menyapa warga nelayan tambak loro kota semarang dalam acara sapa warga nel
95;95;"Tak perlu menunggu menjadi Gubernur seperti di Jakarta utk membangun Kampung Warna warni.
Baru bisa ngecat gentingâ€¦ https://t.co/UqkONhqPav";0;tak perlu menunggu menjadi gubernur seperti di jakarta utk membangun kampung warna warni baru bisa ngecat genting couqkonhqpav;['tak', 'perlu', 'menunggu', 'menjadi', 'gubernur', 'seperti', 'di', 'jakarta', 'utk', 'membangun', 'kampung', 'warna', 'warni', 'baru', 'bisa', 'ngecat', 'genting', 'couqkonhqpav'];['tak', 'perlu', 'menunggu', 'menjadi', 'gubernur', 'seperti', 'di', 'jakarta', 'utk', 'membangun', 'kampung', 'warna', 'warni', 'baru', 'bisa', 'ngecat', 'genting', 'couqkonhqpav'];tak perlu menunggu menjadi gubernur seperti di jakarta utk membangun kampung warna warni baru bisa ngecat genting couqkonhqpav
96;96;@FWBESS Semarang;0;user semarang;['user', 'semarang'];['user', 'semarang'];user semarang
97;97;Ada yang open jastip BBW Semarang hari ini gak, ya?;0;ada yang open jastip bbw semarang hari ini gak ya;['ada', 'yang', 'open', 'jastip', 'bbw', 'semarang', 'hari', 'ini', 'gak', 'ya'];['ada', 'yang', 'open', 'jastip', 'bbw', 'semarang', 'hari', 'ini', 'gak', 'ya'];ada yang open jastip bbw semarang hari ini gak ya
98;98;Namanya tante Mia  usia 33 tahun cari pemuas wilayah Semarang biaya pendaftaran 200 ribu https://t.co/JEFiIAJcN4;0;namanya tante mia usia number tahun cari pemuas wilayah semarang biaya pendaftaran number ribu cojefiiajcn4;['namanya', 'tante', 'mia', 'usia', 'number', 'tahun', 'cari', 'pemuas', 'wilayah', 'semarang', 'biaya', 'pendaftaran', 'number', 'ribu', 'cojefiiajcn4'];['namanya', 'tante', 'mia', 'usia', 'number', 'tahun', 'cari', 'pemuas', 'wilayah', 'semarang', 'biaya', 'pendaftaran', 'number', 'ribu', 'cojefiiajcn4'];namanya tante mia usia number tahun cari pemuas wilayah semarang biaya pendaftaran number ribu cojefiiajcn4
99;99;Jenazah WNI Asal Semarang yang Jadi Korban Penembakan di Texas Tiba di Rumah Duka https://t.co/i6vutbxTFF;0;jenazah wni asal semarang yang jadi korban penembakan di texas tiba di rumah duka coi6vutbxtff;['jenazah', 'wni', 'asal', 'semarang', 'yang', 'jadi', 'korban', 'penembakan', 'di', 'texas', 'tiba', 'di', 'rumah', 'duka', 'coi6vutbxtff'];['jenazah', 'wni', 'asal', 'semarang', 'yang', 'jadi', 'korban', 'penembakan', 'di', 'texas', 'tiba', 'di', 'rumah', 'duka', 'coi6vutbxtff'];jenazah wni asal semarang yang jadi korban penembakan di texas tiba di rumah duka coi6vutbxtff
